{
  "@type":"blacksmyth.personalfinancier.model.inflation.InflationFileContent",
  "inflationList":[
    {
      "@type":"blacksmyth.personalfinancier.model.inflation.InflationEntry",
      "Date":"1948-09-30",
      "CPIValue":3.7,
      "Notes":""
    },
    {
      "@type":"blacksmyth.personalfinancier.model.inflation.InflationEntry",
      "Date":"1948-12-31",
      "CPIValue":3.8,
      "Notes":""
    },
    {
      "@type":"blacksmyth.personalfinancier.model.inflation.InflationEntry",
      "Date":"1949-03-31",
      "CPIValue":3.9,
      "Notes":""
    },
    {
      "@type":"blacksmyth.personalfinancier.model.inflation.InflationEntry",
      "Date":"1949-06-30",
      "CPIValue":4.0,
      "Notes":""
    },
    {
      "@type":"blacksmyth.personalfinancier.model.inflation.InflationEntry",
      "Date":"1949-09-30",
      "CPIValue":4.1,
      "Notes":""
    },
    {
      "@type":"blacksmyth.personalfinancier.model.inflation.InflationEntry",
      "Date":"1949-12-31",
      "CPIValue":4.1,
      "Notes":""
    },
    {
      "@type":"blacksmyth.personalfinancier.model.inflation.InflationEntry",
      "Date":"1950-03-31",
      "CPIValue":4.2,
      "Notes":""
    },
    {
      "@type":"blacksmyth.personalfinancier.model.inflation.InflationEntry",
      "Date":"1950-06-30",
      "CPIValue":4.3,
      "Notes":""
    },
    {
      "@type":"blacksmyth.personalfinancier.model.inflation.InflationEntry",
      "Date":"1950-09-30",
      "CPIValue":4.4,
      "Notes":""
    },
    {
      "@type":"blacksmyth.personalfinancier.model.inflation.InflationEntry",
      "Date":"1950-12-31",
      "CPIValue":4.6,
      "Notes":""
    },
    {
      "@type":"blacksmyth.personalfinancier.model.inflation.InflationEntry",
      "Date":"1951-03-31",
      "CPIValue":4.8,
      "Notes":""
    },
    {
      "@type":"blacksmyth.personalfinancier.model.inflation.InflationEntry",
      "Date":"1951-06-30",
      "CPIValue":5.1,
      "Notes":""
    },
    {
      "@type":"blacksmyth.personalfinancier.model.inflation.InflationEntry",
      "Date":"1951-09-30",
      "CPIValue":5.3,
      "Notes":""
    },
    {
      "@type":"blacksmyth.personalfinancier.model.inflation.InflationEntry",
      "Date":"1951-12-31",
      "CPIValue":5.7,
      "Notes":""
    },
    {
      "@type":"blacksmyth.personalfinancier.model.inflation.InflationEntry",
      "Date":"1952-03-31",
      "CPIValue":5.9,
      "Notes":""
    },
    {
      "@type":"blacksmyth.personalfinancier.model.inflation.InflationEntry",
      "Date":"1952-06-30",
      "CPIValue":6.1,
      "Notes":""
    },
    {
      "@type":"blacksmyth.personalfinancier.model.inflation.InflationEntry",
      "Date":"1952-09-30",
      "CPIValue":6.2,
      "Notes":""
    },
    {
      "@type":"blacksmyth.personalfinancier.model.inflation.InflationEntry",
      "Date":"1952-12-31",
      "CPIValue":6.3,
      "Notes":""
    },
    {
      "@type":"blacksmyth.personalfinancier.model.inflation.InflationEntry",
      "Date":"1953-03-31",
      "CPIValue":6.3,
      "Notes":""
    },
    {
      "@type":"blacksmyth.personalfinancier.model.inflation.InflationEntry",
      "Date":"1953-06-30",
      "CPIValue":6.4,
      "Notes":""
    },
    {
      "@type":"blacksmyth.personalfinancier.model.inflation.InflationEntry",
      "Date":"1953-09-30",
      "CPIValue":6.5,
      "Notes":""
    },
    {
      "@type":"blacksmyth.personalfinancier.model.inflation.InflationEntry",
      "Date":"1953-12-31",
      "CPIValue":6.4,
      "Notes":""
    },
    {
      "@type":"blacksmyth.personalfinancier.model.inflation.InflationEntry",
      "Date":"1954-03-31",
      "CPIValue":6.5,
      "Notes":""
    },
    {
      "@type":"blacksmyth.personalfinancier.model.inflation.InflationEntry",
      "Date":"1954-06-30",
      "CPIValue":6.5,
      "Notes":""
    },
    {
      "@type":"blacksmyth.personalfinancier.model.inflation.InflationEntry",
      "Date":"1954-09-30",
      "CPIValue":6.5,
      "Notes":""
    },
    {
      "@type":"blacksmyth.personalfinancier.model.inflation.InflationEntry",
      "Date":"1954-12-31",
      "CPIValue":6.5,
      "Notes":""
    },
    {
      "@type":"blacksmyth.personalfinancier.model.inflation.InflationEntry",
      "Date":"1955-03-31",
      "CPIValue":6.5,
      "Notes":""
    },
    {
      "@type":"blacksmyth.personalfinancier.model.inflation.InflationEntry",
      "Date":"1955-06-30",
      "CPIValue":6.6,
      "Notes":""
    },
    {
      "@type":"blacksmyth.personalfinancier.model.inflation.InflationEntry",
      "Date":"1955-09-30",
      "CPIValue":6.6,
      "Notes":""
    },
    {
      "@type":"blacksmyth.personalfinancier.model.inflation.InflationEntry",
      "Date":"1955-12-31",
      "CPIValue":6.7,
      "Notes":""
    },
    {
      "@type":"blacksmyth.personalfinancier.model.inflation.InflationEntry",
      "Date":"1956-03-31",
      "CPIValue":6.7,
      "Notes":""
    },
    {
      "@type":"blacksmyth.personalfinancier.model.inflation.InflationEntry",
      "Date":"1956-06-30",
      "CPIValue":7.0,
      "Notes":""
    },
    {
      "@type":"blacksmyth.personalfinancier.model.inflation.InflationEntry",
      "Date":"1956-09-30",
      "CPIValue":7.1,
      "Notes":""
    },
    {
      "@type":"blacksmyth.personalfinancier.model.inflation.InflationEntry",
      "Date":"1956-12-31",
      "CPIValue":7.1,
      "Notes":""
    },
    {
      "@type":"blacksmyth.personalfinancier.model.inflation.InflationEntry",
      "Date":"1957-03-31",
      "CPIValue":7.1,
      "Notes":""
    },
    {
      "@type":"blacksmyth.personalfinancier.model.inflation.InflationEntry",
      "Date":"1957-06-30",
      "CPIValue":7.2,
      "Notes":""
    },
    {
      "@type":"blacksmyth.personalfinancier.model.inflation.InflationEntry",
      "Date":"1957-09-30",
      "CPIValue":7.2,
      "Notes":""
    },
    {
      "@type":"blacksmyth.personalfinancier.model.inflation.InflationEntry",
      "Date":"1957-12-31",
      "CPIValue":7.2,
      "Notes":""
    },
    {
      "@type":"blacksmyth.personalfinancier.model.inflation.InflationEntry",
      "Date":"1958-03-31",
      "CPIValue":7.2,
      "Notes":""
    },
    {
      "@type":"blacksmyth.personalfinancier.model.inflation.InflationEntry",
      "Date":"1958-06-30",
      "CPIValue":7.2,
      "Notes":""
    },
    {
      "@type":"blacksmyth.personalfinancier.model.inflation.InflationEntry",
      "Date":"1958-09-30",
      "CPIValue":7.2,
      "Notes":""
    },
    {
      "@type":"blacksmyth.personalfinancier.model.inflation.InflationEntry",
      "Date":"1958-12-31",
      "CPIValue":7.3,
      "Notes":""
    },
    {
      "@type":"blacksmyth.personalfinancier.model.inflation.InflationEntry",
      "Date":"1959-03-31",
      "CPIValue":7.3,
      "Notes":""
    },
    {
      "@type":"blacksmyth.personalfinancier.model.inflation.InflationEntry",
      "Date":"1959-06-30",
      "CPIValue":7.3,
      "Notes":""
    },
    {
      "@type":"blacksmyth.personalfinancier.model.inflation.InflationEntry",
      "Date":"1959-09-30",
      "CPIValue":7.4,
      "Notes":""
    },
    {
      "@type":"blacksmyth.personalfinancier.model.inflation.InflationEntry",
      "Date":"1959-12-31",
      "CPIValue":7.5,
      "Notes":""
    },
    {
      "@type":"blacksmyth.personalfinancier.model.inflation.InflationEntry",
      "Date":"1960-03-31",
      "CPIValue":7.5,
      "Notes":""
    },
    {
      "@type":"blacksmyth.personalfinancier.model.inflation.InflationEntry",
      "Date":"1960-06-30",
      "CPIValue":7.6,
      "Notes":""
    },
    {
      "@type":"blacksmyth.personalfinancier.model.inflation.InflationEntry",
      "Date":"1960-09-30",
      "CPIValue":7.7,
      "Notes":""
    },
    {
      "@type":"blacksmyth.personalfinancier.model.inflation.InflationEntry",
      "Date":"1960-12-31",
      "CPIValue":7.8,
      "Notes":""
    },
    {
      "@type":"blacksmyth.personalfinancier.model.inflation.InflationEntry",
      "Date":"1961-03-31",
      "CPIValue":7.8,
      "Notes":""
    },
    {
      "@type":"blacksmyth.personalfinancier.model.inflation.InflationEntry",
      "Date":"1961-06-30",
      "CPIValue":7.9,
      "Notes":""
    },
    {
      "@type":"blacksmyth.personalfinancier.model.inflation.InflationEntry",
      "Date":"1961-09-30",
      "CPIValue":7.8,
      "Notes":""
    },
    {
      "@type":"blacksmyth.personalfinancier.model.inflation.InflationEntry",
      "Date":"1961-12-31",
      "CPIValue":7.8,
      "Notes":""
    },
    {
      "@type":"blacksmyth.personalfinancier.model.inflation.InflationEntry",
      "Date":"1962-03-31",
      "CPIValue":7.8,
      "Notes":""
    },
    {
      "@type":"blacksmyth.personalfinancier.model.inflation.InflationEntry",
      "Date":"1962-06-30",
      "CPIValue":7.8,
      "Notes":""
    },
    {
      "@type":"blacksmyth.personalfinancier.model.inflation.InflationEntry",
      "Date":"1962-09-30",
      "CPIValue":7.8,
      "Notes":""
    },
    {
      "@type":"blacksmyth.personalfinancier.model.inflation.InflationEntry",
      "Date":"1962-12-31",
      "CPIValue":7.8,
      "Notes":""
    },
    {
      "@type":"blacksmyth.personalfinancier.model.inflation.InflationEntry",
      "Date":"1963-03-31",
      "CPIValue":7.8,
      "Notes":""
    },
    {
      "@type":"blacksmyth.personalfinancier.model.inflation.InflationEntry",
      "Date":"1963-06-30",
      "CPIValue":7.8,
      "Notes":""
    },
    {
      "@type":"blacksmyth.personalfinancier.model.inflation.InflationEntry",
      "Date":"1963-09-30",
      "CPIValue":7.9,
      "Notes":""
    },
    {
      "@type":"blacksmyth.personalfinancier.model.inflation.InflationEntry",
      "Date":"1963-12-31",
      "CPIValue":7.9,
      "Notes":""
    },
    {
      "@type":"blacksmyth.personalfinancier.model.inflation.InflationEntry",
      "Date":"1964-03-31",
      "CPIValue":8.0,
      "Notes":""
    },
    {
      "@type":"blacksmyth.personalfinancier.model.inflation.InflationEntry",
      "Date":"1964-06-30",
      "CPIValue":8.0,
      "Notes":""
    },
    {
      "@type":"blacksmyth.personalfinancier.model.inflation.InflationEntry",
      "Date":"1964-09-30",
      "CPIValue":8.1,
      "Notes":""
    },
    {
      "@type":"blacksmyth.personalfinancier.model.inflation.InflationEntry",
      "Date":"1964-12-31",
      "CPIValue":8.2,
      "Notes":""
    },
    {
      "@type":"blacksmyth.personalfinancier.model.inflation.InflationEntry",
      "Date":"1965-03-31",
      "CPIValue":8.2,
      "Notes":""
    },
    {
      "@type":"blacksmyth.personalfinancier.model.inflation.InflationEntry",
      "Date":"1965-06-30",
      "CPIValue":8.3,
      "Notes":""
    },
    {
      "@type":"blacksmyth.personalfinancier.model.inflation.InflationEntry",
      "Date":"1965-09-30",
      "CPIValue":8.4,
      "Notes":""
    },
    {
      "@type":"blacksmyth.personalfinancier.model.inflation.InflationEntry",
      "Date":"1965-12-31",
      "CPIValue":8.5,
      "Notes":""
    },
    {
      "@type":"blacksmyth.personalfinancier.model.inflation.InflationEntry",
      "Date":"1966-03-31",
      "CPIValue":8.6,
      "Notes":""
    },
    {
      "@type":"blacksmyth.personalfinancier.model.inflation.InflationEntry",
      "Date":"1966-06-30",
      "CPIValue":8.6,
      "Notes":""
    },
    {
      "@type":"blacksmyth.personalfinancier.model.inflation.InflationEntry",
      "Date":"1966-09-30",
      "CPIValue":8.6,
      "Notes":""
    },
    {
      "@type":"blacksmyth.personalfinancier.model.inflation.InflationEntry",
      "Date":"1966-12-31",
      "CPIValue":8.7,
      "Notes":""
    },
    {
      "@type":"blacksmyth.personalfinancier.model.inflation.InflationEntry",
      "Date":"1967-03-31",
      "CPIValue":8.8,
      "Notes":""
    },
    {
      "@type":"blacksmyth.personalfinancier.model.inflation.InflationEntry",
      "Date":"1967-06-30",
      "CPIValue":8.9,
      "Notes":""
    },
    {
      "@type":"blacksmyth.personalfinancier.model.inflation.InflationEntry",
      "Date":"1967-09-30",
      "CPIValue":9.0,
      "Notes":""
    },
    {
      "@type":"blacksmyth.personalfinancier.model.inflation.InflationEntry",
      "Date":"1967-12-31",
      "CPIValue":9.0,
      "Notes":""
    },
    {
      "@type":"blacksmyth.personalfinancier.model.inflation.InflationEntry",
      "Date":"1968-03-31",
      "CPIValue":9.1,
      "Notes":""
    },
    {
      "@type":"blacksmyth.personalfinancier.model.inflation.InflationEntry",
      "Date":"1968-06-30",
      "CPIValue":9.1,
      "Notes":""
    },
    {
      "@type":"blacksmyth.personalfinancier.model.inflation.InflationEntry",
      "Date":"1968-09-30",
      "CPIValue":9.2,
      "Notes":""
    },
    {
      "@type":"blacksmyth.personalfinancier.model.inflation.InflationEntry",
      "Date":"1968-12-31",
      "CPIValue":9.2,
      "Notes":""
    },
    {
      "@type":"blacksmyth.personalfinancier.model.inflation.InflationEntry",
      "Date":"1969-03-31",
      "CPIValue":9.4,
      "Notes":""
    },
    {
      "@type":"blacksmyth.personalfinancier.model.inflation.InflationEntry",
      "Date":"1969-06-30",
      "CPIValue":9.4,
      "Notes":""
    },
    {
      "@type":"blacksmyth.personalfinancier.model.inflation.InflationEntry",
      "Date":"1969-09-30",
      "CPIValue":9.5,
      "Notes":""
    },
    {
      "@type":"blacksmyth.personalfinancier.model.inflation.InflationEntry",
      "Date":"1969-12-31",
      "CPIValue":9.5,
      "Notes":""
    },
    {
      "@type":"blacksmyth.personalfinancier.model.inflation.InflationEntry",
      "Date":"1970-03-31",
      "CPIValue":9.6,
      "Notes":""
    },
    {
      "@type":"blacksmyth.personalfinancier.model.inflation.InflationEntry",
      "Date":"1970-06-30",
      "CPIValue":9.7,
      "Notes":""
    },
    {
      "@type":"blacksmyth.personalfinancier.model.inflation.InflationEntry",
      "Date":"1970-09-30",
      "CPIValue":9.8,
      "Notes":""
    },
    {
      "@type":"blacksmyth.personalfinancier.model.inflation.InflationEntry",
      "Date":"1970-12-31",
      "CPIValue":10.0,
      "Notes":""
    },
    {
      "@type":"blacksmyth.personalfinancier.model.inflation.InflationEntry",
      "Date":"1971-03-31",
      "CPIValue":10.1,
      "Notes":""
    },
    {
      "@type":"blacksmyth.personalfinancier.model.inflation.InflationEntry",
      "Date":"1971-06-30",
      "CPIValue":10.2,
      "Notes":""
    },
    {
      "@type":"blacksmyth.personalfinancier.model.inflation.InflationEntry",
      "Date":"1971-09-30",
      "CPIValue":10.5,
      "Notes":""
    },
    {
      "@type":"blacksmyth.personalfinancier.model.inflation.InflationEntry",
      "Date":"1971-12-31",
      "CPIValue":10.7,
      "Notes":""
    },
    {
      "@type":"blacksmyth.personalfinancier.model.inflation.InflationEntry",
      "Date":"1972-03-31",
      "CPIValue":10.8,
      "Notes":""
    },
    {
      "@type":"blacksmyth.personalfinancier.model.inflation.InflationEntry",
      "Date":"1972-06-30",
      "CPIValue":10.9,
      "Notes":""
    },
    {
      "@type":"blacksmyth.personalfinancier.model.inflation.InflationEntry",
      "Date":"1972-09-30",
      "CPIValue":11.1,
      "Notes":""
    },
    {
      "@type":"blacksmyth.personalfinancier.model.inflation.InflationEntry",
      "Date":"1972-12-31",
      "CPIValue":11.2,
      "Notes":""
    },
    {
      "@type":"blacksmyth.personalfinancier.model.inflation.InflationEntry",
      "Date":"1973-03-31",
      "CPIValue":11.4,
      "Notes":""
    },
    {
      "@type":"blacksmyth.personalfinancier.model.inflation.InflationEntry",
      "Date":"1973-06-30",
      "CPIValue":11.8,
      "Notes":""
    },
    {
      "@type":"blacksmyth.personalfinancier.model.inflation.InflationEntry",
      "Date":"1973-09-30",
      "CPIValue":12.2,
      "Notes":""
    },
    {
      "@type":"blacksmyth.personalfinancier.model.inflation.InflationEntry",
      "Date":"1973-12-31",
      "CPIValue":12.6,
      "Notes":""
    },
    {
      "@type":"blacksmyth.personalfinancier.model.inflation.InflationEntry",
      "Date":"1974-03-31",
      "CPIValue":13.0,
      "Notes":""
    },
    {
      "@type":"blacksmyth.personalfinancier.model.inflation.InflationEntry",
      "Date":"1974-06-30",
      "CPIValue":13.5,
      "Notes":""
    },
    {
      "@type":"blacksmyth.personalfinancier.model.inflation.InflationEntry",
      "Date":"1974-09-30",
      "CPIValue":14.2,
      "Notes":""
    },
    {
      "@type":"blacksmyth.personalfinancier.model.inflation.InflationEntry",
      "Date":"1974-12-31",
      "CPIValue":14.7,
      "Notes":""
    },
    {
      "@type":"blacksmyth.personalfinancier.model.inflation.InflationEntry",
      "Date":"1975-03-31",
      "CPIValue":15.3,
      "Notes":""
    },
    {
      "@type":"blacksmyth.personalfinancier.model.inflation.InflationEntry",
      "Date":"1975-06-30",
      "CPIValue":15.8,
      "Notes":""
    },
    {
      "@type":"blacksmyth.personalfinancier.model.inflation.InflationEntry",
      "Date":"1975-09-30",
      "CPIValue":15.9,
      "Notes":""
    },
    {
      "@type":"blacksmyth.personalfinancier.model.inflation.InflationEntry",
      "Date":"1975-12-31",
      "CPIValue":16.8,
      "Notes":""
    },
    {
      "@type":"blacksmyth.personalfinancier.model.inflation.InflationEntry",
      "Date":"1976-03-31",
      "CPIValue":17.3,
      "Notes":""
    },
    {
      "@type":"blacksmyth.personalfinancier.model.inflation.InflationEntry",
      "Date":"1976-06-30",
      "CPIValue":17.7,
      "Notes":""
    },
    {
      "@type":"blacksmyth.personalfinancier.model.inflation.InflationEntry",
      "Date":"1976-09-30",
      "CPIValue":18.1,
      "Notes":""
    },
    {
      "@type":"blacksmyth.personalfinancier.model.inflation.InflationEntry",
      "Date":"1976-12-31",
      "CPIValue":19.2,
      "Notes":""
    },
    {
      "@type":"blacksmyth.personalfinancier.model.inflation.InflationEntry",
      "Date":"1977-03-31",
      "CPIValue":19.6,
      "Notes":""
    },
    {
      "@type":"blacksmyth.personalfinancier.model.inflation.InflationEntry",
      "Date":"1977-06-30",
      "CPIValue":20.1,
      "Notes":""
    },
    {
      "@type":"blacksmyth.personalfinancier.model.inflation.InflationEntry",
      "Date":"1977-09-30",
      "CPIValue":20.5,
      "Notes":""
    },
    {
      "@type":"blacksmyth.personalfinancier.model.inflation.InflationEntry",
      "Date":"1977-12-31",
      "CPIValue":21.0,
      "Notes":""
    },
    {
      "@type":"blacksmyth.personalfinancier.model.inflation.InflationEntry",
      "Date":"1978-03-31",
      "CPIValue":21.3,
      "Notes":""
    },
    {
      "@type":"blacksmyth.personalfinancier.model.inflation.InflationEntry",
      "Date":"1978-06-30",
      "CPIValue":21.7,
      "Notes":""
    },
    {
      "@type":"blacksmyth.personalfinancier.model.inflation.InflationEntry",
      "Date":"1978-09-30",
      "CPIValue":22.1,
      "Notes":""
    },
    {
      "@type":"blacksmyth.personalfinancier.model.inflation.InflationEntry",
      "Date":"1978-12-31",
      "CPIValue":22.6,
      "Notes":""
    },
    {
      "@type":"blacksmyth.personalfinancier.model.inflation.InflationEntry",
      "Date":"1979-03-31",
      "CPIValue":23.0,
      "Notes":""
    },
    {
      "@type":"blacksmyth.personalfinancier.model.inflation.InflationEntry",
      "Date":"1979-06-30",
      "CPIValue":23.6,
      "Notes":""
    },
    {
      "@type":"blacksmyth.personalfinancier.model.inflation.InflationEntry",
      "Date":"1979-09-30",
      "CPIValue":24.2,
      "Notes":""
    },
    {
      "@type":"blacksmyth.personalfinancier.model.inflation.InflationEntry",
      "Date":"1979-12-31",
      "CPIValue":24.9,
      "Notes":""
    },
    {
      "@type":"blacksmyth.personalfinancier.model.inflation.InflationEntry",
      "Date":"1980-03-31",
      "CPIValue":25.4,
      "Notes":""
    },
    {
      "@type":"blacksmyth.personalfinancier.model.inflation.InflationEntry",
      "Date":"1980-06-30",
      "CPIValue":26.2,
      "Notes":""
    },
    {
      "@type":"blacksmyth.personalfinancier.model.inflation.InflationEntry",
      "Date":"1980-09-30",
      "CPIValue":26.6,
      "Notes":""
    },
    {
      "@type":"blacksmyth.personalfinancier.model.inflation.InflationEntry",
      "Date":"1980-12-31",
      "CPIValue":27.2,
      "Notes":""
    },
    {
      "@type":"blacksmyth.personalfinancier.model.inflation.InflationEntry",
      "Date":"1981-03-31",
      "CPIValue":27.8,
      "Notes":""
    },
    {
      "@type":"blacksmyth.personalfinancier.model.inflation.InflationEntry",
      "Date":"1981-06-30",
      "CPIValue":28.4,
      "Notes":""
    },
    {
      "@type":"blacksmyth.personalfinancier.model.inflation.InflationEntry",
      "Date":"1981-09-30",
      "CPIValue":29.0,
      "Notes":""
    },
    {
      "@type":"blacksmyth.personalfinancier.model.inflation.InflationEntry",
      "Date":"1981-12-31",
      "CPIValue":30.2,
      "Notes":""
    },
    {
      "@type":"blacksmyth.personalfinancier.model.inflation.InflationEntry",
      "Date":"1982-03-31",
      "CPIValue":30.8,
      "Notes":""
    },
    {
      "@type":"blacksmyth.personalfinancier.model.inflation.InflationEntry",
      "Date":"1982-06-30",
      "CPIValue":31.5,
      "Notes":""
    },
    {
      "@type":"blacksmyth.personalfinancier.model.inflation.InflationEntry",
      "Date":"1982-09-30",
      "CPIValue":32.6,
      "Notes":""
    },
    {
      "@type":"blacksmyth.personalfinancier.model.inflation.InflationEntry",
      "Date":"1982-12-31",
      "CPIValue":33.6,
      "Notes":""
    },
    {
      "@type":"blacksmyth.personalfinancier.model.inflation.InflationEntry",
      "Date":"1983-03-31",
      "CPIValue":34.3,
      "Notes":""
    },
    {
      "@type":"blacksmyth.personalfinancier.model.inflation.InflationEntry",
      "Date":"1983-06-30",
      "CPIValue":35.0,
      "Notes":""
    },
    {
      "@type":"blacksmyth.personalfinancier.model.inflation.InflationEntry",
      "Date":"1983-09-30",
      "CPIValue":35.6,
      "Notes":""
    },
    {
      "@type":"blacksmyth.personalfinancier.model.inflation.InflationEntry",
      "Date":"1983-12-31",
      "CPIValue":36.5,
      "Notes":""
    },
    {
      "@type":"blacksmyth.personalfinancier.model.inflation.InflationEntry",
      "Date":"1984-03-31",
      "CPIValue":36.3,
      "Notes":""
    },
    {
      "@type":"blacksmyth.personalfinancier.model.inflation.InflationEntry",
      "Date":"1984-06-30",
      "CPIValue":36.4,
      "Notes":""
    },
    {
      "@type":"blacksmyth.personalfinancier.model.inflation.InflationEntry",
      "Date":"1984-09-30",
      "CPIValue":36.9,
      "Notes":""
    },
    {
      "@type":"blacksmyth.personalfinancier.model.inflation.InflationEntry",
      "Date":"1984-12-31",
      "CPIValue":37.4,
      "Notes":""
    },
    {
      "@type":"blacksmyth.personalfinancier.model.inflation.InflationEntry",
      "Date":"1985-03-31",
      "CPIValue":37.9,
      "Notes":""
    },
    {
      "@type":"blacksmyth.personalfinancier.model.inflation.InflationEntry",
      "Date":"1985-06-30",
      "CPIValue":38.8,
      "Notes":""
    },
    {
      "@type":"blacksmyth.personalfinancier.model.inflation.InflationEntry",
      "Date":"1985-09-30",
      "CPIValue":39.7,
      "Notes":""
    },
    {
      "@type":"blacksmyth.personalfinancier.model.inflation.InflationEntry",
      "Date":"1985-12-31",
      "CPIValue":40.5,
      "Notes":""
    },
    {
      "@type":"blacksmyth.personalfinancier.model.inflation.InflationEntry",
      "Date":"1986-03-31",
      "CPIValue":41.4,
      "Notes":""
    },
    {
      "@type":"blacksmyth.personalfinancier.model.inflation.InflationEntry",
      "Date":"1986-06-30",
      "CPIValue":42.1,
      "Notes":""
    },
    {
      "@type":"blacksmyth.personalfinancier.model.inflation.InflationEntry",
      "Date":"1986-09-30",
      "CPIValue":43.2,
      "Notes":""
    },
    {
      "@type":"blacksmyth.personalfinancier.model.inflation.InflationEntry",
      "Date":"1986-12-31",
      "CPIValue":44.4,
      "Notes":""
    },
    {
      "@type":"blacksmyth.personalfinancier.model.inflation.InflationEntry",
      "Date":"1987-03-31",
      "CPIValue":45.3,
      "Notes":""
    },
    {
      "@type":"blacksmyth.personalfinancier.model.inflation.InflationEntry",
      "Date":"1987-06-30",
      "CPIValue":46.0,
      "Notes":""
    },
    {
      "@type":"blacksmyth.personalfinancier.model.inflation.InflationEntry",
      "Date":"1987-09-30",
      "CPIValue":46.8,
      "Notes":""
    },
    {
      "@type":"blacksmyth.personalfinancier.model.inflation.InflationEntry",
      "Date":"1987-12-31",
      "CPIValue":47.6,
      "Notes":""
    },
    {
      "@type":"blacksmyth.personalfinancier.model.inflation.InflationEntry",
      "Date":"1988-03-31",
      "CPIValue":48.4,
      "Notes":""
    },
    {
      "@type":"blacksmyth.personalfinancier.model.inflation.InflationEntry",
      "Date":"1988-06-30",
      "CPIValue":49.3,
      "Notes":""
    },
    {
      "@type":"blacksmyth.personalfinancier.model.inflation.InflationEntry",
      "Date":"1988-09-30",
      "CPIValue":50.2,
      "Notes":""
    },
    {
      "@type":"blacksmyth.personalfinancier.model.inflation.InflationEntry",
      "Date":"1988-12-31",
      "CPIValue":51.2,
      "Notes":""
    },
    {
      "@type":"blacksmyth.personalfinancier.model.inflation.InflationEntry",
      "Date":"1989-03-31",
      "CPIValue":51.7,
      "Notes":""
    },
    {
      "@type":"blacksmyth.personalfinancier.model.inflation.InflationEntry",
      "Date":"1989-06-30",
      "CPIValue":53.0,
      "Notes":""
    },
    {
      "@type":"blacksmyth.personalfinancier.model.inflation.InflationEntry",
      "Date":"1989-09-30",
      "CPIValue":54.2,
      "Notes":""
    },
    {
      "@type":"blacksmyth.personalfinancier.model.inflation.InflationEntry",
      "Date":"1989-12-31",
      "CPIValue":55.2,
      "Notes":""
    },
    {
      "@type":"blacksmyth.personalfinancier.model.inflation.InflationEntry",
      "Date":"1990-03-31",
      "CPIValue":56.2,
      "Notes":""
    },
    {
      "@type":"blacksmyth.personalfinancier.model.inflation.InflationEntry",
      "Date":"1990-06-30",
      "CPIValue":57.1,
      "Notes":""
    },
    {
      "@type":"blacksmyth.personalfinancier.model.inflation.InflationEntry",
      "Date":"1990-09-30",
      "CPIValue":57.5,
      "Notes":""
    },
    {
      "@type":"blacksmyth.personalfinancier.model.inflation.InflationEntry",
      "Date":"1990-12-31",
      "CPIValue":59.0,
      "Notes":""
    },
    {
      "@type":"blacksmyth.personalfinancier.model.inflation.InflationEntry",
      "Date":"1991-03-31",
      "CPIValue":58.9,
      "Notes":""
    },
    {
      "@type":"blacksmyth.personalfinancier.model.inflation.InflationEntry",
      "Date":"1991-06-30",
      "CPIValue":59.0,
      "Notes":""
    },
    {
      "@type":"blacksmyth.personalfinancier.model.inflation.InflationEntry",
      "Date":"1991-09-30",
      "CPIValue":59.3,
      "Notes":""
    },
    {
      "@type":"blacksmyth.personalfinancier.model.inflation.InflationEntry",
      "Date":"1991-12-31",
      "CPIValue":59.9,
      "Notes":""
    },
    {
      "@type":"blacksmyth.personalfinancier.model.inflation.InflationEntry",
      "Date":"1992-03-31",
      "CPIValue":59.9,
      "Notes":""
    },
    {
      "@type":"blacksmyth.personalfinancier.model.inflation.InflationEntry",
      "Date":"1992-06-30",
      "CPIValue":59.7,
      "Notes":""
    },
    {
      "@type":"blacksmyth.personalfinancier.model.inflation.InflationEntry",
      "Date":"1992-09-30",
      "CPIValue":59.8,
      "Notes":""
    },
    {
      "@type":"blacksmyth.personalfinancier.model.inflation.InflationEntry",
      "Date":"1992-12-31",
      "CPIValue":60.1,
      "Notes":""
    },
    {
      "@type":"blacksmyth.personalfinancier.model.inflation.InflationEntry",
      "Date":"1993-03-31",
      "CPIValue":60.6,
      "Notes":""
    },
    {
      "@type":"blacksmyth.personalfinancier.model.inflation.InflationEntry",
      "Date":"1993-06-30",
      "CPIValue":60.8,
      "Notes":""
    },
    {
      "@type":"blacksmyth.personalfinancier.model.inflation.InflationEntry",
      "Date":"1993-09-30",
      "CPIValue":61.1,
      "Notes":""
    },
    {
      "@type":"blacksmyth.personalfinancier.model.inflation.InflationEntry",
      "Date":"1993-12-31",
      "CPIValue":61.2,
      "Notes":""
    },
    {
      "@type":"blacksmyth.personalfinancier.model.inflation.InflationEntry",
      "Date":"1994-03-31",
      "CPIValue":61.5,
      "Notes":""
    },
    {
      "@type":"blacksmyth.personalfinancier.model.inflation.InflationEntry",
      "Date":"1994-06-30",
      "CPIValue":61.9,
      "Notes":""
    },
    {
      "@type":"blacksmyth.personalfinancier.model.inflation.InflationEntry",
      "Date":"1994-09-30",
      "CPIValue":62.3,
      "Notes":""
    },
    {
      "@type":"blacksmyth.personalfinancier.model.inflation.InflationEntry",
      "Date":"1994-12-31",
      "CPIValue":62.8,
      "Notes":""
    },
    {
      "@type":"blacksmyth.personalfinancier.model.inflation.InflationEntry",
      "Date":"1995-03-31",
      "CPIValue":63.8,
      "Notes":""
    },
    {
      "@type":"blacksmyth.personalfinancier.model.inflation.InflationEntry",
      "Date":"1995-06-30",
      "CPIValue":64.7,
      "Notes":""
    },
    {
      "@type":"blacksmyth.personalfinancier.model.inflation.InflationEntry",
      "Date":"1995-09-30",
      "CPIValue":65.5,
      "Notes":""
    },
    {
      "@type":"blacksmyth.personalfinancier.model.inflation.InflationEntry",
      "Date":"1995-12-31",
      "CPIValue":66.0,
      "Notes":""
    },
    {
      "@type":"blacksmyth.personalfinancier.model.inflation.InflationEntry",
      "Date":"1996-03-31",
      "CPIValue":66.2,
      "Notes":""
    },
    {
      "@type":"blacksmyth.personalfinancier.model.inflation.InflationEntry",
      "Date":"1996-06-30",
      "CPIValue":66.7,
      "Notes":""
    },
    {
      "@type":"blacksmyth.personalfinancier.model.inflation.InflationEntry",
      "Date":"1996-09-30",
      "CPIValue":66.9,
      "Notes":""
    },
    {
      "@type":"blacksmyth.personalfinancier.model.inflation.InflationEntry",
      "Date":"1996-12-31",
      "CPIValue":67.0,
      "Notes":""
    },
    {
      "@type":"blacksmyth.personalfinancier.model.inflation.InflationEntry",
      "Date":"1997-03-31",
      "CPIValue":67.1,
      "Notes":""
    },
    {
      "@type":"blacksmyth.personalfinancier.model.inflation.InflationEntry",
      "Date":"1997-06-30",
      "CPIValue":66.9,
      "Notes":""
    },
    {
      "@type":"blacksmyth.personalfinancier.model.inflation.InflationEntry",
      "Date":"1997-09-30",
      "CPIValue":66.6,
      "Notes":""
    },
    {
      "@type":"blacksmyth.personalfinancier.model.inflation.InflationEntry",
      "Date":"1997-12-31",
      "CPIValue":66.8,
      "Notes":""
    },
    {
      "@type":"blacksmyth.personalfinancier.model.inflation.InflationEntry",
      "Date":"1998-03-31",
      "CPIValue":67.0,
      "Notes":""
    },
    {
      "@type":"blacksmyth.personalfinancier.model.inflation.InflationEntry",
      "Date":"1998-06-30",
      "CPIValue":67.4,
      "Notes":""
    },
    {
      "@type":"blacksmyth.personalfinancier.model.inflation.InflationEntry",
      "Date":"1998-09-30",
      "CPIValue":67.5,
      "Notes":""
    },
    {
      "@type":"blacksmyth.personalfinancier.model.inflation.InflationEntry",
      "Date":"1998-12-31",
      "CPIValue":67.8,
      "Notes":""
    },
    {
      "@type":"blacksmyth.personalfinancier.model.inflation.InflationEntry",
      "Date":"1999-03-31",
      "CPIValue":67.8,
      "Notes":""
    },
    {
      "@type":"blacksmyth.personalfinancier.model.inflation.InflationEntry",
      "Date":"1999-06-30",
      "CPIValue":68.1,
      "Notes":""
    },
    {
      "@type":"blacksmyth.personalfinancier.model.inflation.InflationEntry",
      "Date":"1999-09-30",
      "CPIValue":68.7,
      "Notes":""
    },
    {
      "@type":"blacksmyth.personalfinancier.model.inflation.InflationEntry",
      "Date":"1999-12-31",
      "CPIValue":69.1,
      "Notes":""
    },
    {
      "@type":"blacksmyth.personalfinancier.model.inflation.InflationEntry",
      "Date":"2000-03-31",
      "CPIValue":69.7,
      "Notes":""
    },
    {
      "@type":"blacksmyth.personalfinancier.model.inflation.InflationEntry",
      "Date":"2000-06-30",
      "CPIValue":70.2,
      "Notes":""
    },
    {
      "@type":"blacksmyth.personalfinancier.model.inflation.InflationEntry",
      "Date":"2000-09-30",
      "CPIValue":72.9,
      "Notes":""
    },
    {
      "@type":"blacksmyth.personalfinancier.model.inflation.InflationEntry",
      "Date":"2000-12-31",
      "CPIValue":73.1,
      "Notes":""
    },
    {
      "@type":"blacksmyth.personalfinancier.model.inflation.InflationEntry",
      "Date":"2001-03-31",
      "CPIValue":73.9,
      "Notes":""
    },
    {
      "@type":"blacksmyth.personalfinancier.model.inflation.InflationEntry",
      "Date":"2001-06-30",
      "CPIValue":74.5,
      "Notes":""
    },
    {
      "@type":"blacksmyth.personalfinancier.model.inflation.InflationEntry",
      "Date":"2001-09-30",
      "CPIValue":74.7,
      "Notes":""
    },
    {
      "@type":"blacksmyth.personalfinancier.model.inflation.InflationEntry",
      "Date":"2001-12-31",
      "CPIValue":75.4,
      "Notes":""
    },
    {
      "@type":"blacksmyth.personalfinancier.model.inflation.InflationEntry",
      "Date":"2002-03-31",
      "CPIValue":76.1,
      "Notes":""
    },
    {
      "@type":"blacksmyth.personalfinancier.model.inflation.InflationEntry",
      "Date":"2002-06-30",
      "CPIValue":76.6,
      "Notes":""
    },
    {
      "@type":"blacksmyth.personalfinancier.model.inflation.InflationEntry",
      "Date":"2002-09-30",
      "CPIValue":77.1,
      "Notes":""
    },
    {
      "@type":"blacksmyth.personalfinancier.model.inflation.InflationEntry",
      "Date":"2002-12-31",
      "CPIValue":77.6,
      "Notes":""
    },
    {
      "@type":"blacksmyth.personalfinancier.model.inflation.InflationEntry",
      "Date":"2003-03-31",
      "CPIValue":78.6,
      "Notes":""
    },
    {
      "@type":"blacksmyth.personalfinancier.model.inflation.InflationEntry",
      "Date":"2003-06-30",
      "CPIValue":78.6,
      "Notes":""
    },
    {
      "@type":"blacksmyth.personalfinancier.model.inflation.InflationEntry",
      "Date":"2003-09-30",
      "CPIValue":79.1,
      "Notes":""
    },
    {
      "@type":"blacksmyth.personalfinancier.model.inflation.InflationEntry",
      "Date":"2003-12-31",
      "CPIValue":79.5,
      "Notes":""
    },
    {
      "@type":"blacksmyth.personalfinancier.model.inflation.InflationEntry",
      "Date":"2004-03-31",
      "CPIValue":80.2,
      "Notes":""
    },
    {
      "@type":"blacksmyth.personalfinancier.model.inflation.InflationEntry",
      "Date":"2004-06-30",
      "CPIValue":80.6,
      "Notes":""
    },
    {
      "@type":"blacksmyth.personalfinancier.model.inflation.InflationEntry",
      "Date":"2004-09-30",
      "CPIValue":80.9,
      "Notes":""
    },
    {
      "@type":"blacksmyth.personalfinancier.model.inflation.InflationEntry",
      "Date":"2004-12-31",
      "CPIValue":81.5,
      "Notes":""
    },
    {
      "@type":"blacksmyth.personalfinancier.model.inflation.InflationEntry",
      "Date":"2005-03-31",
      "CPIValue":82.1,
      "Notes":""
    },
    {
      "@type":"blacksmyth.personalfinancier.model.inflation.InflationEntry",
      "Date":"2005-06-30",
      "CPIValue":82.6,
      "Notes":""
    },
    {
      "@type":"blacksmyth.personalfinancier.model.inflation.InflationEntry",
      "Date":"2005-09-30",
      "CPIValue":83.4,
      "Notes":""
    },
    {
      "@type":"blacksmyth.personalfinancier.model.inflation.InflationEntry",
      "Date":"2005-12-31",
      "CPIValue":83.8,
      "Notes":""
    },
    {
      "@type":"blacksmyth.personalfinancier.model.inflation.InflationEntry",
      "Date":"2006-03-31",
      "CPIValue":84.5,
      "Notes":""
    },
    {
      "@type":"blacksmyth.personalfinancier.model.inflation.InflationEntry",
      "Date":"2006-06-30",
      "CPIValue":85.9,
      "Notes":""
    },
    {
      "@type":"blacksmyth.personalfinancier.model.inflation.InflationEntry",
      "Date":"2006-09-30",
      "CPIValue":86.7,
      "Notes":""
    },
    {
      "@type":"blacksmyth.personalfinancier.model.inflation.InflationEntry",
      "Date":"2006-12-31",
      "CPIValue":86.6,
      "Notes":""
    },
    {
      "@type":"blacksmyth.personalfinancier.model.inflation.InflationEntry",
      "Date":"2007-03-31",
      "CPIValue":86.6,
      "Notes":""
    },
    {
      "@type":"blacksmyth.personalfinancier.model.inflation.InflationEntry",
      "Date":"2007-06-30",
      "CPIValue":87.7,
      "Notes":""
    },
    {
      "@type":"blacksmyth.personalfinancier.model.inflation.InflationEntry",
      "Date":"2007-09-30",
      "CPIValue":88.3,
      "Notes":""
    },
    {
      "@type":"blacksmyth.personalfinancier.model.inflation.InflationEntry",
      "Date":"2007-12-31",
      "CPIValue":89.1,
      "Notes":""
    },
    {
      "@type":"blacksmyth.personalfinancier.model.inflation.InflationEntry",
      "Date":"2008-03-31",
      "CPIValue":90.3,
      "Notes":""
    },
    {
      "@type":"blacksmyth.personalfinancier.model.inflation.InflationEntry",
      "Date":"2008-06-30",
      "CPIValue":91.6,
      "Notes":""
    },
    {
      "@type":"blacksmyth.personalfinancier.model.inflation.InflationEntry",
      "Date":"2008-09-30",
      "CPIValue":92.7,
      "Notes":""
    },
    {
      "@type":"blacksmyth.personalfinancier.model.inflation.InflationEntry",
      "Date":"2008-12-31",
      "CPIValue":92.4,
      "Notes":""
    },
    {
      "@type":"blacksmyth.personalfinancier.model.inflation.InflationEntry",
      "Date":"2009-03-31",
      "CPIValue":92.5,
      "Notes":""
    },
    {
      "@type":"blacksmyth.personalfinancier.model.inflation.InflationEntry",
      "Date":"2009-06-30",
      "CPIValue":92.9,
      "Notes":""
    },
    {
      "@type":"blacksmyth.personalfinancier.model.inflation.InflationEntry",
      "Date":"2009-09-30",
      "CPIValue":93.8,
      "Notes":""
    },
    {
      "@type":"blacksmyth.personalfinancier.model.inflation.InflationEntry",
      "Date":"2009-12-31",
      "CPIValue":94.3,
      "Notes":""
    },
    {
      "@type":"blacksmyth.personalfinancier.model.inflation.InflationEntry",
      "Date":"2010-03-31",
      "CPIValue":95.2,
      "Notes":""
    },
    {
      "@type":"blacksmyth.personalfinancier.model.inflation.InflationEntry",
      "Date":"2010-06-30",
      "CPIValue":95.8,
      "Notes":""
    },
    {
      "@type":"blacksmyth.personalfinancier.model.inflation.InflationEntry",
      "Date":"2010-09-30",
      "CPIValue":96.5,
      "Notes":""
    },
    {
      "@type":"blacksmyth.personalfinancier.model.inflation.InflationEntry",
      "Date":"2010-12-31",
      "CPIValue":96.9,
      "Notes":""
    },
    {
      "@type":"blacksmyth.personalfinancier.model.inflation.InflationEntry",
      "Date":"2011-03-31",
      "CPIValue":98.3,
      "Notes":""
    },
    {
      "@type":"blacksmyth.personalfinancier.model.inflation.InflationEntry",
      "Date":"2011-06-30",
      "CPIValue":99.2,
      "Notes":""
    },
    {
      "@type":"blacksmyth.personalfinancier.model.inflation.InflationEntry",
      "Date":"2011-09-30",
      "CPIValue":99.8,
      "Notes":""
    },
    {
      "@type":"blacksmyth.personalfinancier.model.inflation.InflationEntry",
      "Date":"2011-12-31",
      "CPIValue":99.8,
      "Notes":""
    },
    {
      "@type":"blacksmyth.personalfinancier.model.inflation.InflationEntry",
      "Date":"2012-03-31",
      "CPIValue":99.9,
      "Notes":""
    },
    {
      "@type":"blacksmyth.personalfinancier.model.inflation.InflationEntry",
      "Date":"2012-06-30",
      "CPIValue":100.4,
      "Notes":""
    },
    {
      "@type":"blacksmyth.personalfinancier.model.inflation.InflationEntry",
      "Date":"2012-09-30",
      "CPIValue":101.8,
      "Notes":""
    },
    {
      "@type":"blacksmyth.personalfinancier.model.inflation.InflationEntry",
      "Date":"2012-12-31",
      "CPIValue":102.0,
      "Notes":""
    },
    {
      "@type":"blacksmyth.personalfinancier.model.inflation.InflationEntry",
      "Date":"2013-03-31",
      "CPIValue":102.4,
      "Notes":""
    },
    {
      "@type":"blacksmyth.personalfinancier.model.inflation.InflationEntry",
      "Date":"2013-06-30",
      "CPIValue":102.8,
      "Notes":""
    },
    {
      "@type":"blacksmyth.personalfinancier.model.inflation.InflationEntry",
      "Date":"2013-09-30",
      "CPIValue":104.0,
      "Notes":""
    },
    {
      "@type":"blacksmyth.personalfinancier.model.inflation.InflationEntry",
      "Date":"2013-12-31",
      "CPIValue":104.8,
      "Notes":""
    },
    {
      "@type":"blacksmyth.personalfinancier.model.inflation.InflationEntry",
      "Date":"2014-03-31",
      "CPIValue":105.4,
      "Notes":""
    },
    {
      "@type":"blacksmyth.personalfinancier.model.inflation.InflationEntry",
      "Date":"2014-06-30",
      "CPIValue":105.9,
      "Notes":""
    },
    {
      "@type":"blacksmyth.personalfinancier.model.inflation.InflationEntry",
      "Date":"2014-09-30",
      "CPIValue":106.4,
      "Notes":""
    },
    {
      "@type":"blacksmyth.personalfinancier.model.inflation.InflationEntry",
      "Date":"2014-12-31",
      "CPIValue":106.6,
      "Notes":""
    },
    {
      "@type":"blacksmyth.personalfinancier.model.inflation.InflationEntry",
      "Date":"2015-03-31",
      "CPIValue":106.8,
      "Notes":""
    },
    {
      "@type":"blacksmyth.personalfinancier.model.inflation.InflationEntry",
      "Date":"2015-06-30",
      "CPIValue":107.5,
      "Notes":""
    },
    {
      "@type":"blacksmyth.personalfinancier.model.inflation.InflationEntry",
      "Date":"2015-09-30",
      "CPIValue":108.0,
      "Notes":""
    },
    {
      "@type":"blacksmyth.personalfinancier.model.inflation.InflationEntry",
      "Date":"2015-12-31",
      "CPIValue":108.4,
      "Notes":""
    },
    {
      "@type":"blacksmyth.personalfinancier.model.inflation.InflationEntry",
      "Date":"2016-03-31",
      "CPIValue":108.2,
      "Notes":""
    },
    {
      "@type":"blacksmyth.personalfinancier.model.inflation.InflationEntry",
      "Date":"2016-06-30",
      "CPIValue":108.6,
      "Notes":""
    },
    {
      "@type":"blacksmyth.personalfinancier.model.inflation.InflationEntry",
      "Date":"2016-09-30",
      "CPIValue":109.4,
      "Notes":""
    },
    {
      "@type":"blacksmyth.personalfinancier.model.inflation.InflationEntry",
      "Date":"2016-12-31",
      "CPIValue":110.0,
      "Notes":""
    },
    {
      "@type":"blacksmyth.personalfinancier.model.inflation.InflationEntry",
      "Date":"2017-03-31",
      "CPIValue":110.5,
      "Notes":""
    },
    {
      "@type":"blacksmyth.personalfinancier.model.inflation.InflationEntry",
      "Date":"2017-06-30",
      "CPIValue":110.7,
      "Notes":""
    },
    {
      "@type":"blacksmyth.personalfinancier.model.inflation.InflationEntry",
      "Date":"2017-09-30",
      "CPIValue":111.4,
      "Notes":""
    },
    {
      "@type":"blacksmyth.personalfinancier.model.inflation.InflationEntry",
      "Date":"2017-12-31",
      "CPIValue":112.1,
      "Notes":""
    },
    {
      "@type":"blacksmyth.personalfinancier.model.inflation.InflationEntry",
      "Date":"2018-03-31",
      "CPIValue":112.6,
      "Notes":""
    },
    {
      "@type":"blacksmyth.personalfinancier.model.inflation.InflationEntry",
      "Date":"2018-06-30",
      "CPIValue":113.0,
      "Notes":""
    },
    {
      "@type":"blacksmyth.personalfinancier.model.inflation.InflationEntry",
      "Date":"2018-09-30",
      "CPIValue":113.5,
      "Notes":""
    },
    {
      "@type":"blacksmyth.personalfinancier.model.inflation.InflationEntry",
      "Date":"2018-12-31",
      "CPIValue":114.1,
      "Notes":""
    },
    {
      "@type":"blacksmyth.personalfinancier.model.inflation.InflationEntry",
      "Date":"2019-03-31",
      "CPIValue":114.1,
      "Notes":""
    },
    {
      "@type":"blacksmyth.personalfinancier.model.inflation.InflationEntry",
      "Date":"2019-06-30",
      "CPIValue":114.8,
      "Notes":""
    },
    {
      "@type":"blacksmyth.personalfinancier.model.inflation.InflationEntry",
      "Date":"2019-09-30",
      "CPIValue":115.4,
      "Notes":""
    },
    {
      "@type":"blacksmyth.personalfinancier.model.inflation.InflationEntry",
      "Date":"2019-12-31",
      "CPIValue":116.2,
      "Notes":"Covid-19 outbreak ramping up in China"
    },
    {
      "@type":"blacksmyth.personalfinancier.model.inflation.InflationEntry",
      "Date":"2020-03-31",
      "CPIValue":116.6,
      "Notes":"Covid-19 Australia-wide lockdown has begun"
    },
    {
      "@type":"blacksmyth.personalfinancier.model.inflation.InflationEntry",
      "Date":"2020-06-30",
      "CPIValue":114.4,
      "Notes":""
    },
    {
      "@type":"blacksmyth.personalfinancier.model.inflation.InflationEntry",
      "Date":"2020-09-30",
      "CPIValue":116.2,
      "Notes":""
    },
    {
      "@type":"blacksmyth.personalfinancier.model.inflation.InflationEntry",
      "Date":"2020-12-31",
      "CPIValue":117.2,
      "Notes":""
    },
    {
      "@type":"blacksmyth.personalfinancier.model.inflation.InflationEntry",
      "Date":"2021-03-31",
      "CPIValue":117.9,
      "Notes":""
    },
    {
      "@type":"blacksmyth.personalfinancier.model.inflation.InflationEntry",
      "Date":"2021-06-30",
      "CPIValue":118.8,
      "Notes":""
    },
    {
      "@type":"blacksmyth.personalfinancier.model.inflation.InflationEntry",
      "Date":"2021-09-30",
      "CPIValue":119.7,
      "Notes":""
    },
    {
      "@type":"blacksmyth.personalfinancier.model.inflation.InflationEntry",
      "Date":"2021-12-31",
      "CPIValue":121.3,
      "Notes":"Last of Covid-19 distinct region lockdowns across Australia lifted"
    },
    {
      "@type":"blacksmyth.personalfinancier.model.inflation.InflationEntry",
      "Date":"2022-03-31",
      "CPIValue":123.9,
      "Notes":""
    },
    {
      "@type":"blacksmyth.personalfinancier.model.inflation.InflationEntry",
      "Date":"2022-06-30",
      "CPIValue":126.1,
      "Notes":"Australian government has stopped emergency response to Covid-19 "
    },
    {
      "@type":"blacksmyth.personalfinancier.model.inflation.InflationEntry",
      "Date":"2022-09-30",
      "CPIValue":128.4,
      "Notes":""
    },
    {
      "@type":"blacksmyth.personalfinancier.model.inflation.InflationEntry",
      "Date":"2022-12-31",
      "CPIValue":130.8,
      "Notes":""
    },
    {
      "@type":"blacksmyth.personalfinancier.model.inflation.InflationEntry",
      "Date":"2023-03-31",
      "CPIValue":132.6,
      "Notes":""
    },
    {
      "@type":"blacksmyth.personalfinancier.model.inflation.InflationEntry",
      "Date":"2023-06-30",
      "CPIValue":133.7,
      "Notes":""
    },
    {
      "@type":"blacksmyth.personalfinancier.model.inflation.InflationEntry",
      "Date":"2023-09-30",
      "CPIValue":135.3,
      "Notes":""
    },
    {
      "@type":"blacksmyth.personalfinancier.model.inflation.InflationEntry",
      "Date":"2023-12-31",
      "CPIValue":136.1,
      "Notes":"Australian government has declared Covid-19 no longer a communicable disease incident of national significance"
    },
    {
      "@type":"blacksmyth.personalfinancier.model.inflation.InflationEntry",
      "Date":"2024-03-31",
      "CPIValue":137.4,
      "Notes":""
    },
    {
      "@type":"blacksmyth.personalfinancier.model.inflation.InflationEntry",
      "Date":"2024-06-30",
      "CPIValue":138.8,
      "Notes":""
    },
    {
      "@type":"blacksmyth.personalfinancier.model.inflation.InflationEntry",
      "Date":"2024-09-30",
      "CPIValue":139.1,
      "Notes":""
    }
  ]
}