<?xml version="1.0" encoding="UTF-8"?>
<Configuration xmlns="https://logging.apache.org/xml/ns"
               xmlns:xsi="http://www.w3.org/2001/XMLSchema-instance"
               xsi:schemaLocation="
                   https://logging.apache.org/xml/ns
                   https://logging.apache.org/xml/ns/log4j-config-2.xsd">
  <Appenders>
    <Console name="CONSOLE" target="SYSTEM_OUT">
      <PatternLayout pattern="%d %-5p [%C{1}] : %m%n" />
    </Console>
    <File name="INFO_LOG" fileName="logs/info.log"> 
      <PatternLayout pattern="%d %-5p [%C{1}] : %m%n" />
    </File>
  </Appenders>
  <Loggers>
    <Root level="WARN">
      <AppenderRef ref="CONSOLE"/>
    </Root>
    <Logger name="blacksmyth.personalfinancier" level="DEBUG">
      <AppenderRef ref="INFO_LOG"/>
    </Logger>
  </Loggers>
</Configuration>